p_val,avg_log2FC,pct.1,pct.2,p_val_adj,cluster,gene
0,1.4198629213337237,0.78,0.458,0,0,Mertk
0,0.6037660565604666,0.92,0.683,0,0,Slc7a10
0,1.08292165285757,0.95,0.722,0,0,Plpp3
0,0.9241972528438289,0.657,0.441,0,0,Hmgcr
0,0.9141411832793985,0.842,0.627,0,0,Tubb2b
0,0.7035240262990449,0.9,0.714,0,0,Chst1
0,0.579502478036429,0.789,0.609,0,0,Cbs
0,0.8850227424250632,0.91,0.75,0,0,Fdft1
0,0.5742739717066514,0.815,0.657,0,0,Prodh
0,1.209861567263018,0.934,0.782,0,0,Msmo1
0,0.8749832836732809,0.893,0.758,0,0,Vegfa
0,0.7881599580375007,0.948,0.818,0,0,Ids
0,0.5740414251038329,0.914,0.792,0,0,Srebf2
0,0.5457132190709753,0.919,0.811,0,0,Phgdh
0,1.2870155622059536,1,0.935,0,0,Htra1
0,0.8609180575334241,0.991,0.93,0,0,Scg3
0,0.501332342098278,0.974,0.918,0,0,Gstm1
0,0.3147172778387204,0.995,0.958,0,0,Acsl6
0,0.6033808015299997,1,0.977,0,0,Gja1
0,0.4302090730802255,0.999,0.978,0,0,Pla2g7
0,0.3375956118184589,0.992,0.972,0,0,Cs
0,0.8580443760063745,1,0.985,0,0,Glul
0,0.3154642521260467,0.996,0.984,0,0,Arhgap5
0,0.5467981481547017,1,0.999,0,0,Aldoc
0,0.4151803195423591,1,0.999,0,0,Cst3
0,0.36604057443540583,1,1,0,0,Clu
2.5116987294e-312,0.6572240782510108,0.624,0.449,9.89609299384244e-310,0,Hmgcs1
7.972466752461693e-287,0.9128145551414188,0.359,0.2,3.141151900469907e-284,0,Cox10
1.9497294495533958e-285,0.6455382400999308,0.586,0.412,7.68193403124038e-283,0,Abhd17a
2.759554979890072e-274,0.23081314153562138,0.999,0.992,1.0872646620766883e-271,0,Glud1
6.3152983043009135e-248,1.0245228415200165,0.264,0.134,2.4882275318945597e-245,0,Ldlr
8.951469284062133e-246,0.3068654514084981,0.96,0.906,3.52687889792048e-243,0,Aldh1l1
1.0612634198843404e-232,0.3326055381622639,0.895,0.814,4.181377874344301e-230,0,Vcam1
3.1846520596685823e-229,0.509795649906082,0.662,0.517,1.2547529115094215e-226,0,Pmm1
2.8291962294323354e-225,0.25119195293065477,0.98,0.956,1.1147033143963402e-222,0,Cox4i1
1.2920293514924997e-208,0.5692075505836162,0.605,0.463,5.090595644880449e-206,0,Acss2
7.543246240298344e-203,0.31820774997509105,0.887,0.805,2.9720390186775474e-200,0,Fasn
8.097911762418163e-195,0.49406906239235904,0.641,0.505,3.190577234392756e-192,0,Pfkp
1.6399894036757456e-193,0.20232013310621877,1,0.999,6.461558250482437e-191,0,Cpe
1.638098242530047e-188,0.5322625651882804,0.557,0.415,6.454107075568385e-186,0,Sc5d
2.4404358661455603e-167,0.288682873942264,0.95,0.925,9.615317312613507e-165,0,Sat1
6.722427475074984e-162,0.5524732663604355,0.454,0.322,2.648636425179544e-159,0,Ophn1
5.702496100349626e-144,0.6335605919799217,0.317,0.204,2.2467834635377527e-141,0,Chsy1
3.450549834687449e-131,0.2197366984876925,0.962,0.94,1.359516634866855e-128,0,Fabp5
3.465671694916395e-131,0.27343891523818553,0.867,0.815,1.3654746477970597e-128,0,Idh1
4.623584337097052e-128,0.23514367877057207,0.905,0.852,1.8216922288162386e-125,0,Lap3
1.0967914713626506e-126,0.30368915790600925,0.778,0.698,4.3213583971688436e-124,0,Bhlhe40
1.9460810255919526e-125,0.36343487960196375,0.645,0.531,7.667559240832293e-123,0,Soat1
1.9816566547715808e-123,0.5113300465392288,0.441,0.323,7.80772721980003e-121,0,Adcy5
4.105506222252856e-117,0.2671610400084887,0.844,0.781,1.6175694515676252e-114,0,Smpd1
2.201256382461466e-105,0.546015435338278,0.309,0.212,8.672950146898176e-103,0,Ppara
2.3821016866439694e-103,0.450895938294802,0.393,0.288,9.38548064537724e-101,0,Pnp
3.823651948364983e-103,0.12634982418569685,0.999,0.994,1.5065188676558034e-100,0,Pygb
5.0055849633680894e-88,0.3817473264216249,0.185,0.113,1.9722004755670273e-85,0,Egr1
9.746740303198382e-85,0.42579413704448177,0.374,0.28,3.8402156794601625e-82,0,St3gal2
2.0154835389011492e-80,0.3776580837936372,0.421,0.325,7.941005143270528e-78,0,rs7412-WT-226
5.626712366885814e-79,0.2756800976584083,0.573,0.468,2.2169246725530108e-76,0,Fut9
1.153325519243269e-78,0.2645838045883552,0.695,0.612,4.5441025458184794e-76,0,Fut8
2.57260047439061e-76,0.1285515578189078,0.969,0.926,1.0136045869099003e-73,0,Srebf1
4.2009521014249716e-75,0.3563888463260556,0.405,0.312,1.6551751279614388e-72,0,Hs2st1
4.83159887366336e-66,0.23267964337709135,0.75,0.692,1.9036499562233638e-63,0,P4ha1
3.229512650120116e-62,0.10457982302868052,0.996,0.995,1.2724279841473257e-59,0,Prdx1
3.480655998206399e-62,0.17156995067924363,0.776,0.709,1.3713784632933213e-59,0,Tecr
2.2574893598380158e-57,0.26167932862411325,0.426,0.34,8.894508077761782e-55,0,Maob
1.1459893729672244e-55,0.5501427505369216,0.172,0.117,4.515198129490864e-53,0,Plin3
1.4399383147497822e-53,0.21841551574610388,0.6,0.52,5.673356960114142e-51,0,Apoe
5.119093667761565e-49,0.2830605563501126,0.392,0.316,2.0169229050980564e-46,0,Pank3
1.119827621885689e-46,0.22087585733239118,0.569,0.495,4.4121208302296143e-44,0,Gpt2
1.7239906049495488e-40,0.43773226135798904,0.184,0.135,6.792522983501222e-38,0,Aldh3b1
2.1780196291435774e-40,0.27503563127065234,0.275,0.215,8.581397338825695e-38,0,Hmgb2
3.6107036997425495e-40,0.31692750182465645,0.246,0.188,1.4226172576985645e-37,0,St6galnac4
5.574374987753076e-40,0.10377937461657094,0.866,0.819,2.1963037451747118e-37,0,Hacd2
8.396217296613318e-40,0.13562943325319604,0.634,0.555,3.308109614865647e-37,0,Folh1
2.99547807168475e-36,0.2599925727535486,0.336,0.274,1.1802183602437915e-33,0,Gsr
3.217906921621616e-36,0.1643673067564364,0.638,0.575,1.2678553271189169e-33,0,Idh2
4.493951734635214e-36,0.1417846074824607,0.819,0.785,1.7706169834462746e-33,0,Gclm
1.1257306010844146e-35,0.4438425158899082,0.156,0.113,4.435378568272593e-33,0,Eci1
2.657336297226883e-35,0.5954714920453794,0.096,0.063,1.0469905011073918e-32,0,Csgalnact1
2.7346657670215317e-34,0.23059402275503227,0.336,0.273,1.0774583122064834e-31,0,Pomgnt1
4.492441998143672e-33,0.1603869933934815,0.668,0.613,1.770022147268607e-30,0,Akt1
8.224789169167157e-32,0.1952257641366416,0.478,0.415,3.24056693265186e-29,0,Hsd17b12
3.1804860653086715e-28,0.24330697436215099,0.273,0.222,1.2531115097316165e-25,0,Cbr1
2.661376886245818e-23,0.11444580388342462,0.663,0.61,1.0485824931808524e-20,0,Chka
2.265640591974884e-21,0.16731829604456516,0.301,0.253,8.926623932381043e-19,0,Cox14
7.398163219484507e-21,0.1119510519922412,0.798,0.775,2.914876308476896e-18,0,Aldh7a1
1.2806930851232384e-19,0.174128093714621,0.295,0.25,5.0459307553855595e-17,0,C1galt1c1
4.42390691191285e-19,0.17642283217661658,0.3,0.256,1.7430193232936627e-16,0,Hibadh
3.169356716448197e-18,0.42148084887373116,0.092,0.068,1.2487265462805896e-15,0,Hkdc1
2.833505833592464e-16,0.11317338660726839,0.487,0.439,1.1164012984354308e-13,0,G6pc3
6.788301752484417e-16,0.10188063858132541,0.587,0.539,2.6745908904788604e-13,0,rs7412-ALT-226:T
3.793104924974904e-14,0.23755387518459292,0.166,0.138,1.4944833404401122e-11,0,Acaa1a
7.084573422026929e-13,0.10507520447100105,0.3,0.262,2.79132192827861e-10,0,Bace1
7.421369922018839e-11,0.19709029251593435,0.155,0.131,2.9240197492754226e-8,0,Jun
7.934612589461856e-11,0.21923613538610986,0.151,0.128,3.1262373602479714e-8,0,Dgat1
1.7259324116316543e-10,0.11371513669059574,0.274,0.242,6.800173701828718e-8,0,Bckdha
4.620076699957759e-10,0.10756833352322648,0.233,0.204,1.820310219783357e-7,0,Ganc
2.2531270520398555e-9,0.30064050014928156,0.085,0.069,8.877320585037031e-7,0,rs429358-WT-228
1.5368654277887656e-5,0.194084000123095,0.103,0.09,0.006055249785487736,0,Cad
3.356844817218238e-5,0.16172569687788885,0.125,0.111,0.013225968579839856,0,Ppat
1.0785309202124585e-4,0.3307929834347032,0.034,0.027,0.042494118256370866,0,Plpp4
1.29300484567969e-4,0.1867387172718047,0.072,0.063,0.050944390919779786,0,rs429358-ALT-228:C
1.3316776813305562e-4,0.2759459283031056,0.041,0.034,0.052468100644423914,0,Pparg
0,2.8138052847462367,0.996,0.561,0,1,Agt
0,1.0128645340861873,0.764,0.513,0,1,Folh1
0,1.0265917158233313,0.929,0.69,0,1,Slc7a10
0,0.9927368955030902,0.498,0.293,0,1,Plcb4
0,0.5798094136130437,0.784,0.618,0,1,Cbs
0,0.6071278055293562,0.806,0.651,0,1,Hif1a
0,0.6405187680430179,0.806,0.659,0,1,Pcx
0,1.0972762641615106,0.97,0.826,0,1,Pgm1
0,1.822134222217501,0.212,0.069,0,1,Apoc1
0,0.5860451187243914,0.909,0.795,0,1,Me1
0,0.6821197820573128,0.963,0.862,0,1,Abca1
0,0.5173709153354327,0.899,0.81,0,1,Hacd2
0,0.41790256686940164,0.923,0.847,0,1,Sorl1
0,0.6417961088699733,0.988,0.921,0,1,Srebf1
0,0.4043775038065849,0.954,0.902,0,1,Pfkm
0,0.5166610469344337,0.997,0.958,0,1,Acsl6
0,0.528041911217467,0.99,0.956,0,1,Fads2
0,0.46097782434331513,1,0.978,0,1,Gja1
0,0.3681840259171174,0.99,0.968,0,1,Lrp1
0,0.39405907312423416,0.997,0.98,0,1,Pla2g7
0,0.45240860814552475,1,0.995,0,1,Cd81
0,0.358377413469408,0.998,0.993,0,1,Glud1
0,0.5797164991160573,1,0.997,0,1,Atp1b2
0,0.2567022006275912,1,0.999,0,1,Ckb
8.248776167612248e-295,0.45876058879313364,0.89,0.808,3.2500178100392257e-292,1,Fasn
2.944970098688381e-294,0.6551113444298361,0.625,0.454,1.1603182188832221e-291,1,Fut9
6.233757996969986e-237,0.3273729878276459,0.967,0.923,2.4561006508061743e-234,1,Timp3
9.934019269469893e-217,0.30648426130758777,0.998,0.99,3.914003592171138e-214,1,Aqp4
6.760115669322169e-194,0.5303143430402528,0.638,0.51,2.6634855737129345e-191,1,Apoe
2.28380829380944e-190,0.1968936630287108,0.999,0.999,8.998204677609194e-188,1,Ldhb
5.8613365996599e-190,0.5736396498804616,0.635,0.513,2.3093666202660005e-187,1,Gaa
3.948713995524577e-188,0.45230968360627033,0.778,0.675,1.5557933142366832e-185,1,Pfkfb3
8.310728572227003e-187,0.513874678510364,0.62,0.485,3.2744270574574394e-184,1,Ogdhl
3.4162228534323745e-186,0.24268397885081372,0.99,0.974,1.3459918042523556e-183,1,Cs
1.3421835824325917e-179,0.2086052913796238,0.802,0.688,5.288203314784411e-177,1,Slc2a1
1.7865516381957846e-179,0.14681804363779172,1,1,7.039013454491392e-177,1,Ubc
1.1863632259035016e-174,0.18497809191608683,1,0.994,4.674271110059796e-172,1,Pygb
4.927947779980274e-171,0.5567477727751187,0.55,0.417,1.9416114253122278e-168,1,Lpin1
4.162200355850911e-166,0.2505291807930621,0.978,0.953,1.639906940205259e-163,1,Mdh1
1.4806616661511441e-145,0.21726526831059756,0.992,0.985,5.833806964635508e-143,1,Sdha
3.5779242897233996e-140,0.24550701210064774,0.96,0.932,1.4097021701510195e-137,1,Hadhb
1.1087519721809069e-133,0.13719446810814917,1,1,4.3684827703927733e-131,1,Gapdh
6.167813558814746e-126,0.27566566176773555,0.854,0.781,2.4301185421730097e-123,1,Smpd1
3.193446922502634e-122,0.4658360655994645,0.507,0.394,1.258218087466038e-119,1,Bcl2
5.232263401640396e-121,0.21724999662139766,0.966,0.94,2.061511780246316e-118,1,Pgam1
1.3612440062724694e-120,0.13085612829804827,1,0.999,5.363301384713529e-118,1,Aldoc
4.357044564988342e-120,0.35754292046016534,0.698,0.6,1.7166755586054066e-117,1,Chka
3.510584105729063e-108,0.3068167577000734,0.729,0.638,1.383170137657251e-105,1,Dlat
1.2880798431681158e-107,0.2949596627723129,0.787,0.715,5.0750345820823766e-105,1,Ndufs1
1.136722173357798e-106,0.3672156392843079,0.658,0.565,4.478685363029724e-104,1,Cat
8.722336052768981e-103,0.5134695651571428,0.44,0.339,3.4366004047909787e-100,1,Maob
4.0872938137271127e-97,0.5038391971357166,0.348,0.25,1.6103937626084823e-94,1,B3galt5
2.02229875980681e-94,0.2092374160284638,0.923,0.89,7.967857113638832e-92,1,Aldh2
6.933539991363994e-91,0.6646163374568552,0.227,0.147,2.7318147565974136e-88,1,Dpyd
2.2388566833046667e-90,0.34956628682615587,0.628,0.54,8.821095332220387e-88,1,Slc33a1
5.758764560503056e-79,0.3083358755523813,0.271,0.186,2.268953236838204e-76,1,Reln
6.73310265496816e-74,0.15387304160846416,0.954,0.911,2.652842446057455e-71,1,Aldh1l1
4.5115946268088146e-72,0.30696467231340996,0.624,0.543,1.7775682829626729e-69,1,Soat1
7.110951502994504e-71,0.21512261785058717,0.86,0.819,2.8017148921798346e-68,1,Idh1
8.174283163230364e-69,0.3198663873770671,0.583,0.506,3.2206675663127633e-66,1,Acadl
4.372416990097859e-64,0.19629916844054085,0.764,0.681,1.7227322940985563e-61,1,Prodh
5.841552719441793e-62,0.26627248395765357,0.624,0.548,2.3015717714600664e-59,1,Auh
4.8095807840248337e-60,0.3295496248116812,0.504,0.429,1.8949748289057846e-57,1,Acaca
3.838595274956286e-59,0.30988230605026995,0.554,0.48,1.5124065383327767e-56,1,Gmps
1.425021098701793e-56,0.19771482067784363,0.944,0.928,5.614583128885064e-54,1,Sat1
8.233952149524315e-56,0.18126274780190277,0.773,0.704,3.24417714691258e-53,1,Bhlhe40
3.833715412665572e-52,0.3863932244966476,0.371,0.3,1.5104838725902352e-49,1,Pnp
9.33238005389886e-52,0.20291641187968257,0.771,0.72,3.676957741236151e-49,1,Acat1
1.3237333203720207e-49,0.5931595759489356,0.164,0.112,5.215509282265762e-47,1,Eci1
2.1827066013338618e-47,0.23630172696089036,0.808,0.776,8.599864009255415e-45,1,Tmx4
3.1496426013607447e-47,0.14237958592746547,0.897,0.857,1.2409591849361334e-44,1,Lap3
7.397011737378539e-46,0.14931498343593286,0.955,0.944,2.9144226245271443e-43,1,Fabp5
8.081636240185592e-45,0.19944072887443715,0.567,0.495,3.184164678633123e-42,1,Got1
8.09197581584723e-44,0.23483227173605442,0.594,0.528,3.1882384714438085e-41,1,Pdhb
2.5300125749226526e-43,0.117728466494736,0.969,0.957,9.968249545195251e-41,1,Tkt
7.335138929522913e-43,0.21550775743516629,0.612,0.541,2.8900447382320277e-40,1,Pmm1
5.404502820630841e-42,0.14816969966612126,0.84,0.796,2.1293741113285515e-39,1,Bhlhe41
4.955593009946285e-41,0.1768618910105687,0.769,0.721,1.9525036459188362e-38,1,Asah1
3.121273848676712e-40,0.18271201797042036,0.601,0.533,1.2297818963786246e-37,1,Bpgm
5.69263153006409e-37,0.24587489019441894,0.474,0.411,2.2428968228452514e-34,1,Ctps2
7.623241033609486e-36,0.2339690474150784,0.298,0.237,3.0035569672421374e-33,1,Fas
2.070148541722776e-34,0.6420633070982218,0.097,0.064,8.156385254387738e-32,1,Csgalnact1
8.896832063620235e-30,0.6033359467825994,0.091,0.06,3.5053518330663725e-27,1,Rxra
1.4658325387311835e-29,0.15909223558455798,0.757,0.719,5.775380202600863e-27,1,Tecr
2.6579733007014175e-27,0.1012742386663148,0.979,0.971,1.0472414804763586e-24,1,Uqcrc1
3.5084566145909505e-27,0.2682882382568629,0.377,0.326,1.3823319061488346e-24,1,Ptdss1
6.901118820080749e-27,0.25293197843566473,0.25,0.201,2.719040815111815e-24,1,Plin4
2.0383588339955937e-26,0.1393772821857957,0.816,0.788,8.031133805942639e-24,1,Ogdh
4.8414797111434864e-24,0.19382947537285716,0.49,0.44,1.9075430061905337e-21,1,G6pc3
2.6350992368608365e-23,0.29254314898309897,0.284,0.24,1.0382290993231695e-20,1,Bckdha
2.815514581408973e-23,0.12637759253073466,0.849,0.827,1.1093127450751353e-20,1,Rpn1
6.149056293343343e-23,0.1253448151685964,0.754,0.717,2.422728179577277e-20,1,Dlst
6.3656988756070165e-21,0.17813548879077334,0.446,0.397,2.5080853569891644e-18,1,Lta4h
3.1360004223331596e-19,0.12780363758361546,0.738,0.71,1.235584166399265e-16,1,Got2
4.0206922447109346e-19,0.23064051511500905,0.345,0.304,1.5841527444161083e-16,1,Pnpla2
1.9758540344321443e-18,0.16175707950100288,0.53,0.488,7.784864895662648e-16,1,Aldh9a1
6.110989661096251e-17,0.10178263950893192,0.542,0.491,2.407729926471923e-14,1,Acss2
2.229653221198124e-16,0.3010824743999412,0.18,0.148,8.784833691520608e-14,1,G6pd2
2.742881839478987e-16,0.1094447591539171,0.675,0.636,1.080695444754721e-13,1,Ndufv2
2.8712485859135734e-16,0.15225485942705752,0.427,0.385,1.1312719428499479e-13,1,Acer3
8.514814828916388e-15,0.20868463988546893,0.292,0.257,3.354837042593057e-12,1,Sphk2
7.200195764895124e-13,0.13236233344402482,0.53,0.497,2.836877131368679e-10,1,Sdhc
1.708516549971201e-12,0.2119322480352135,0.264,0.233,6.731555206886532e-10,1,Ppara
6.755799104397608e-11,0.15263122317140754,0.409,0.378,2.6617848471326575e-8,1,Adh5
1.1496293313386735e-10,0.13527898299817964,0.457,0.425,4.5295395654743736e-8,1,Hsd17b12
2.20508262673763e-10,0.11168093689871775,0.539,0.508,8.688025549346262e-8,1,Gpt2
3.866758816997142e-10,0.16970414486835783,0.291,0.262,1.5235029738968738e-7,1,Hibadh
2.4605978567818385e-9,0.13610378354698005,0.384,0.355,9.694755555720443e-7,1,Acad8
3.349116873057961e-8,0.20761739060190076,0.229,0.207,1.3195520479848365e-5,1,Ganc
7.736136678139224e-8,0.3063255659401465,0.076,0.062,3.0480378511868543e-5,1,rs429358-ALT-228:C
1.304317782192374e-7,0.17889264282050799,0.28,0.258,5.1390120618379536e-5,1,C1galt1c1
8.309473398601752e-6,0.2060581349028694,0.138,0.122,0.0032739325190490904,1,Ebp
2.74478444814119e-5,0.1861094655564446,0.158,0.142,0.010814450725676288,1,Acaa1a
4.358367951367602e-5,0.11645037352862952,0.235,0.217,0.017171969728388352,1,Shmt2
9.459372910176127e-5,0.15176631959456266,0.145,0.131,0.03726992926609394,1,Dgat1
0.004714073197861292,0.14333104664343077,0.1,0.092,1,1,Cad
0.009059951763351707,0.10695331219958115,0.198,0.188,1,1,Pla2g12a
0,4.166341223563567,0.945,0.285,0,2,Apod
0,4.561340684469556,0.906,0.296,0,2,Ptgds
0,2.745905547989835,0.438,0.123,0,2,Aspa
0,1.5220676778932143,0.533,0.242,0,2,Serping1
0,1.4227771320829483,0.604,0.325,0,2,Ifitm3
0,1.5134222728877895,0.45,0.221,0,2,Ifitm2
0,1.1421188053524596,0.909,0.696,0,2,Vim
0,1.731305715732333,0.386,0.18,0,2,Reln
0,1.7581525278751602,0.275,0.095,0,2,St6galnac3
0,1.0804123138086288,0.25,0.076,0,2,Spp1
0,2.1503224155039273,0.23,0.06,0,2,Pla2g4a
0,4.279211377889069,0.185,0.017,0,2,Mrc1
0,3.0933583581602138,0.194,0.028,0,2,Tgfbi
0,3.8085428488490463,0.094,0.008,0,2,Pf4
0,1.730310912863962,0.8,0.743,0,2,Gatm
0,0.762523192291523,0.994,0.969,0,2,Gfap
0,0.3904887398717314,0.999,0.99,0,2,Tmsb4x
0,0.39957292541693645,0.999,0.996,0,2,Cd63
3.4172764569207464e-298,1.5126403089735456,0.356,0.17,1.346406924026774e-295,2,Maf
1.7132908901866405e-274,0.48754252288287003,0.915,0.788,6.750366107335364e-272,2,App
1.3868992386099267e-244,0.9936596387140628,0.587,0.423,5.464383000123111e-242,2,Cers2
3.026267586998965e-237,0.4021801886287646,0.945,0.88,1.1923494292775922e-234,2,Ftl1
1.6241989961793997e-196,2.597822042884046,0.121,0.035,6.399344044946835e-194,2,H2-Eb1
6.337674778543955e-182,1.5526320120832309,0.232,0.105,2.4970438627463184e-179,2,Cd74
2.352870570192637e-177,0.8975460144406037,0.338,0.183,9.27031004655899e-175,2,Cd44
2.694602604090481e-175,1.196038927933481,0.34,0.194,1.0616734260116494e-172,2,Plin4
8.987602857249986e-174,1.3397425676022228,0.19,0.079,3.5411155257564946e-171,2,Elmo1
5.930661532309217e-165,1.197185650370594,0.241,0.116,2.336680643729831e-162,2,Acsl1
9.435568446901905e-162,1.008632559976359,0.578,0.469,3.7176139680793506e-159,2,Bin1
4.0462899955541845e-160,1.3383398195266556,0.173,0.072,1.5942382582483486e-157,2,C3
9.263525945613826e-157,0.7286178369400163,0.441,0.281,3.649829222571847e-154,2,Lyz2
1.040789069253309e-145,1.0609280916287127,0.269,0.144,4.100708932858037e-143,2,Lgals1
5.744949438058139e-138,0.3987417154929189,0.996,0.992,2.263510078594907e-135,2,Aqp4
4.027972790844601e-127,1.2465586320707955,0.184,0.087,1.5870212795927728e-124,2,Hspg2
5.962919165166285e-123,1.4235929542565557,0.134,0.055,2.349390151075516e-120,2,Klf4
9.784853406981906e-122,0.5096101515396086,0.706,0.594,3.855232242350871e-119,2,Gpx1
1.272408008129555e-115,2.193858907380362,0.068,0.019,5.013287552030447e-113,2,Clec10a
4.895138164409422e-105,0.5489335191315923,0.273,0.161,1.928684436777312e-102,2,Ifit2
4.676586155656974e-99,2.570759448715885,0.044,0.01,1.8425749453288478e-96,2,Wif1
1.425821824450805e-98,0.7612039200966642,0.33,0.214,5.617737988336172e-96,2,St3gal6
1.2640407168214774e-92,0.8126003184230575,0.352,0.245,4.980320424276621e-90,2,Abcg1
1.8648219609394923e-91,1.0510301814470462,0.102,0.042,7.3473985261016e-89,2,Cxcl12
5.116845677881538e-77,0.3617585105678308,0.723,0.638,2.016037197085326e-74,2,Ptges3
1.0036493806188983e-76,0.4801763891091474,0.753,0.688,3.9543785596384594e-74,2,Pcx
1.2864438240823123e-75,0.25692623585265356,0.38,0.264,5.0685886668843105e-73,2,Gpnmb
1.6552158802064606e-71,5.571552792173264,0.01,0,6.521550568013455e-69,2,Cd209a
7.525821066040981e-62,0.5691602625355667,0.554,0.493,2.9651735000201466e-59,2,Taldo1
2.415556918213367e-61,0.525809293419648,0.599,0.543,9.517294257760665e-59,2,Bpgm
2.395612733367384e-60,4.180382799175545,0.014,0.001,9.438714169467493e-58,2,H2-Ab1
1.9550492414176656e-59,0.5579682648942028,0.363,0.272,7.702894011185602e-57,2,Prps2
7.397543148189789e-59,0.4612859211485945,0.487,0.397,2.9146320003867767e-56,2,Lta4h
1.0886039123570063e-58,0.44360976761010146,0.502,0.412,4.289099414686605e-56,2,Cstb
1.0841324581700755e-54,0.6341020776400987,0.33,0.247,4.2714818851900975e-52,2,Elovl1
2.3572578966775475e-54,0.3108883919942831,0.717,0.651,9.287596112909537e-52,2,Galnt1
9.957379093172837e-54,0.4185918757363976,0.548,0.468,3.923207362710098e-51,2,Pgd
2.18718427247508e-53,0.7631513961984271,0.173,0.107,8.617506033551814e-51,2,Fxyd5
9.998988585410582e-53,1.6458100295435134,0.039,0.013,3.9396015026517693e-50,2,Msr1
6.605647258744072e-51,0.6065350279848949,0.249,0.172,2.6026250199451645e-48,2,Nfkbia
3.4216925974061097e-50,0.5504409075150354,0.529,0.48,1.3481468833780071e-47,2,Rhob
1.139826671237478e-49,0.34358958195287137,0.671,0.609,4.490917084675663e-47,2,Csf1
1.9856737437491036e-49,0.9923107612575879,0.101,0.053,7.823554550371468e-47,2,Clec2d
1.1424134792838483e-47,0.14699673149134052,0.997,0.996,4.501109108378362e-45,2,Prdx1
2.8009656187391084e-45,0.901769265700803,0.126,0.074,1.1035804537832087e-42,2,Ifitm1
1.6387425181034577e-41,0.23714622849624467,0.83,0.789,6.456645521327624e-39,2,Gclm
1.876192511991176e-41,0.21709844682014268,0.915,0.896,7.392198497245234e-39,2,Aldh2
1.372395463197758e-40,0.6621311088724573,0.185,0.125,5.407238124999167e-38,2,Ocln
9.760910173833825e-40,0.19473731481961776,0.839,0.788,3.845798608490527e-37,2,Ogdh
4.0123528838171094e-39,3.1458680486949113,0.01,0.001,1.580867036223941e-36,2,Cd36
8.007051512574656e-34,0.5771361222035334,0.173,0.119,3.1547782959544146e-31,2,Ebp
8.897409255485025e-33,0.5085785493841317,0.219,0.159,3.5055792466611e-30,2,Sptlc2
2.5519838665756176e-32,0.23500044962400146,0.712,0.659,1.0054816434307933e-29,2,Hadha
6.595242825667316e-30,0.8404489442406851,0.072,0.04,2.5985256733129225e-27,2,Lgals3
3.4680823943942934e-29,0.2849250093770296,0.559,0.501,1.3664244633913515e-26,2,Odc1
3.1290498988848883e-27,0.29167802542111304,0.502,0.444,1.232845660160646e-24,2,Stt3a
1.1862064944638231e-25,0.3537721940227406,0.406,0.35,4.673653588187463e-23,2,Adcy5
3.1656330642734173e-24,0.30454162269207274,0.335,0.276,1.2472594273237264e-21,2,Myo1e
7.656517832891118e-23,0.11880041054860446,0.906,0.883,3.0166680261591004e-20,2,Ppt1
2.5377180874779155e-22,0.2431757381872374,0.566,0.52,9.998609264662987e-20,2,Nr1h2
2.6904853892621876e-22,0.42525892099511853,0.213,0.164,1.0600512433693019e-19,2,Tlr4
7.765975482718891e-21,0.39410450988974155,0.302,0.253,3.059794340191243e-18,2,Hmgcl
4.377160019080464e-19,0.483151263778574,0.168,0.128,1.7246010475177027e-16,2,Plin3
1.2521316587211658e-18,0.754499695379903,0.056,0.033,4.933398735361393e-16,2,Pparg
2.7305285349886052e-18,0.24813613076447988,0.539,0.494,1.0758282427855105e-15,2,Hmgcs1
6.838730571429476e-17,0.252144028111026,0.4,0.351,2.6944598451432133e-14,2,Klf6
4.389884422989798e-15,0.43754471177071386,0.133,0.101,1.7296144626579805e-12,2,B4galt1
5.130979740868515e-15,0.3642288535166087,0.201,0.162,2.021606017902195e-12,2,Dpyd
1.1618546669906382e-13,0.22540979186493726,0.428,0.388,4.577707387943115e-11,2,Gclc
1.3117247267075623e-13,0.2946282357056189,0.12,0.09,5.168195423227796e-11,2,Lpcat2
4.024464113169274e-12,0.22208567368762044,0.333,0.291,1.585638860588694e-9,2,Gpat4
4.899197323881862e-12,0.2795687998258537,0.368,0.333,1.9302837456094536e-9,2,Cerk
1.3578500599154845e-11,0.2640301008963668,0.151,0.12,5.349929236067009e-9,2,C1qb
7.003751473633218e-11,0.2505691900822933,0.929,0.936,2.759478080611488e-8,2,Timp3
9.141696263509551e-11,0.13860202686864415,0.668,0.643,3.601828327822763e-8,2,Adam10
2.8086950618908045e-10,0.5752825162194339,0.049,0.033,1.106625854384977e-7,2,Vldlr
3.646639272327448e-10,0.1085943762308762,0.747,0.723,1.4367758732970144e-7,2,Dlst
2.9932366786400055e-9,0.30555589027876584,0.174,0.146,1.1793352513841622e-6,2,Aldh3b1
7.03136831558563e-9,0.3727908280561727,0.133,0.109,2.770359116340738e-6,2,Icam1
1.22213210042024e-8,0.18224707805687407,0.498,0.475,4.815200475655746e-6,2,Degs1
2.2336807330876363e-8,0.2035050591003844,0.329,0.298,8.800702088365287e-6,2,Impdh2
1.4009498236125915e-7,0.47969939684958973,0.288,0.273,5.519742305033611e-5,2,B3galt5
5.852631313833219e-7,0.41125707091148245,0.063,0.048,2.3059367376502884e-4,2,Cpt1b
7.181131568902209e-7,0.1538713052901574,0.46,0.437,2.82936583814747e-4,2,Jund
2.052458345212248e-6,0.21498176838729854,0.126,0.105,8.086685880136258e-4,2,Hk2
2.794700666424014e-6,0.26186886086639927,0.121,0.101,0.0011011120625710614,2,Khk
4.228973749673567e-6,0.18062623256370935,0.293,0.268,0.0016662156573713856,2,Pycr2
5.644425076051179e-6,0.1633205704904821,0.337,0.311,0.0022239034799641645,2,Pnpla2
7.738575736690887e-6,0.1864197855290819,0.206,0.182,0.0030489988402562095,2,Mapkapk2
1.1364162833962273e-5,0.1618852392116128,0.257,0.233,0.004477480156581136,2,Lipa
3.225223162612745e-5,0.12625300777893866,0.467,0.449,0.012707379260694216,2,Lpin1
4.763074342341212e-5,0.12289779271611725,0.519,0.503,0.018766512908824376,2,Sdhc
1.4509411591333502e-4,0.3364542524606824,0.055,0.044,0.057167081669854,2,Ltc4s
1.519909686056567e-4,0.1674320715780384,0.173,0.154,0.05988444163062873,2,Abca7
2.452685136715871e-4,0.13049178833954866,0.368,0.348,0.0966357943866053,2,Coasy
3.1724935519291954e-4,0.19882794462502318,0.161,0.144,0.1249962459460103,2,Acaa1a
3.360824957199345e-4,0.1399169968794508,0.521,0.514,0.13241650331365418,2,Chst11
7.569842614993315e-4,0.10100559787937069,0.022,0.016,0.2982517990307366,2,Ccl5
0.0010355684814951493,0.11463122799738501,0.435,0.421,0.4080139817090888,2,Rxrb
0.0010372890533533866,0.13532477985747687,0.523,0.518,0.4086918870212343,2,Naga
0.0033131580722515134,0.14549830278911124,0.229,0.214,1,2,Plin2
0.0036381206553903265,0.10065771917233582,0.506,0.498,1,2,Aldh9a1
0.006301838024529688,0.2536739642930952,0.03,0.024,1,2,Ch25h
0.009666847527264398,0.17982835708750078,0.472,0.481,1,2,Lpgat1
0,1.7923990492897546,0.597,0.238,0,3,Serping1
0,2.0373367223231114,0.994,0.687,0,3,Vim
0,1.099713393561938,0.627,0.326,0,3,Ifitm3
0,1.9627753960840133,0.468,0.168,0,3,Cd44
0,0.824634855022329,1,0.969,0,3,Gfap
0,0.644364953988652,0.999,0.991,0,3,Aqp4
0,0.4500261033458388,1,0.996,0,3,Cd63
0,0.37222847693029504,1,1,0,3,Clu
1.526462849519301e-305,1.3589326999357176,0.437,0.227,6.014263627106045e-303,3,Fas
1.6454680023227516e-291,2.3435224484669788,0.211,0.068,6.4831439291516415e-289,3,C3
3.9918817988616285e-204,0.6877770942801887,0.741,0.573,1.5728014287514817e-201,3,Idh2
1.1953202226429114e-203,0.301965627045496,0.999,0.996,4.7095616772130706e-201,3,Cd81
5.574425462083131e-146,0.49252128168483644,0.823,0.694,2.1963236320607534e-143,3,Sgpl1
8.133796531623074e-139,0.5123113031681981,0.757,0.597,3.204715833459491e-136,3,Csf1
4.5601522624232686e-138,0.5607825897514312,0.81,0.687,1.796699991394768e-135,3,Pfkfb3
4.435163036795021e-134,1.127980548123295,0.209,0.098,1.7474542364972384e-131,3,Icam1
4.435996439400526e-130,1.0788030565756406,0.407,0.262,1.7477825971238071e-127,3,Gpnmb
9.00774540164364e-125,0.2395140339167785,0.999,0.999,3.549051688247594e-122,3,Cst3
4.543920151250505e-112,0.5677168480836405,0.633,0.503,1.7903045395926992e-109,3,Naga
1.1215986060334906e-98,0.9558178453715724,0.255,0.148,4.419098507771953e-96,3,Lgals1
1.2118170832316526e-98,0.3727527743697223,0.937,0.881,4.774559307932711e-96,3,Abca1
1.3275841773068497e-91,0.27735821730230104,0.934,0.88,5.230681658588988e-89,3,Ppt1
4.928456549198614e-86,0.5818700445111809,0.358,0.238,1.9418118803842538e-83,3,Ifitm2
1.7028607366020437e-85,1.0641720973114426,0.148,0.072,6.709271302212053e-83,3,Ifitm1
1.3095066090883715e-82,0.48089975958857045,0.615,0.494,5.159456039808184e-80,3,Odc1
1.3521524022501917e-82,0.24014862179015894,0.885,0.796,5.327480464865755e-80,3,Ctsl
1.0724667624364394e-74,1.1427972554565886,0.147,0.075,4.225519043999571e-72,3,Fos
1.1683949539759757e-69,0.32688451798528173,0.9,0.829,4.6034761186653446e-67,3,Vcam1
1.3850143186297305e-69,0.13954619410747426,1,0.998,5.4569564154011384e-67,3,Atp1b2
1.1361473248355888e-68,0.21213521415109482,0.981,0.943,4.47642045985222e-66,3,Scg3
3.925970830711808e-65,0.377294025559677,0.703,0.596,1.5468325073004523e-62,3,Gpx1
7.5738280174977355e-65,0.7200841213678668,0.296,0.202,2.9840882388941077e-62,3,Plin4
9.139247452639518e-61,0.1663839234976896,0.999,0.995,3.60086349633997e-58,3,Prdx1
2.2817708119017605e-59,0.17220748200126135,0.999,0.995,8.990176998892936e-57,3,Pygb
2.706882088304061e-57,0.4022794986148411,0.568,0.465,1.0665115427918002e-54,3,Degs1
6.988681377859678e-51,1.188340982559767,0.084,0.039,2.753540462876713e-48,3,Lgals3
1.0783073768803972e-37,0.5768364648412634,0.23,0.163,4.248531064908765e-35,3,Tlr4
1.3808203055266469e-24,0.2499774330080797,0.573,0.506,5.440432003774989e-22,3,Chst11
1.5801370579060002e-22,0.17818388234845295,0.943,0.919,6.225740008149641e-20,3,Aldh1l1
3.731429368252499e-21,0.4668875487274755,0.226,0.176,1.4701831710914845e-18,3,Nfkbia
6.335842016245898e-21,0.25051517577436777,0.337,0.276,2.4963217544008837e-18,3,Myo1e
1.2349013388444872e-20,0.5424593534130588,0.222,0.173,4.865511275047279e-18,3,Hmox1
1.984554361149228e-19,0.14770509548750854,0.78,0.692,7.819144182927959e-17,3,Prodh
4.52213073527995e-17,0.1980478744636554,0.539,0.48,1.7817195097003004e-14,3,Rhob
6.53817061383076e-14,0.13785294155132138,0.496,0.439,2.5760392218493196e-11,3,Cers2
5.368881801317463e-13,0.6148060545755625,0.058,0.037,2.1153394297190804e-10,3,Junb
1.4589381834960866e-11,0.13541016006427375,0.833,0.789,5.748216442974581e-9,3,Gclm
4.1090147857189864e-11,0.3314761365602412,0.265,0.228,1.6189518255732806e-8,3,Hmgb2
4.177277751799205e-9,0.17625514681724513,0.457,0.419,1.6458474342088867e-6,3,Bcl2
4.327590436134753e-9,0.5973831777597916,0.042,0.027,1.7050706318370927e-6,3,Plpp4
5.303735279072028e-9,0.10457075113698511,0.943,0.934,2.0896716999543787e-6,3,Gstm1
4.3005964784031904e-8,0.1479834709542785,0.496,0.456,1.694435012490857e-5,3,Kdsr
7.743113823205918e-7,0.1340118328372616,0.483,0.448,3.050786846343132e-4,3,Stt3a
1.9091722219169722e-6,0.2659025765793941,0.158,0.135,7.522138554352871e-4,3,Jun
1.913045280512212e-6,0.35589653975624636,0.091,0.073,7.537398405218115e-4,3,Hkdc1
3.308801917259086e-6,0.11585513661217872,0.454,0.421,0.00130366795540008,3,Cstb
3.580807355142602e-6,0.13351078958517731,0.48,0.449,0.0014108380979261852,3,G6pc3
8.861704367593861e-5,0.14321176529326796,0.415,0.39,0.03491511520831981,3,Gclc
5.22657619659633e-4,0.13547167587555087,0.375,0.355,0.2059271021458954,3,Klf6
0,3.8172823348133673,0.924,0.234,0,4,C1qa
0,3.761887360809336,0.911,0.226,0,4,C1qc
0,3.79042390207671,0.868,0.189,0,4,Cx3cr1
0,3.6648436358992766,0.794,0.165,0,4,Cd68
0,3.596939142189527,0.877,0.249,0,4,Hexb
0,4.265330175079164,0.801,0.174,0,4,Cst7
0,3.4680119378085816,0.872,0.248,0,4,Lyz2
0,3.665135753377074,0.716,0.127,0,4,Bcl2a1b
0,3.3311052978369164,0.635,0.11,0,4,Ly86
0,3.637456029973048,0.603,0.115,0,4,Lpl
0,3.7779163339859423,0.536,0.066,0,4,Gpr34
0,4.099083625751887,0.536,0.067,0,4,Cd14
0,2.7868300377749256,0.681,0.213,0,4,Tgfbr1
0,2.4285825255185034,0.703,0.294,0,4,Gusb
0,2.9750210747929846,0.495,0.088,0,4,C1qb
0,2.9996399396232354,0.397,0.065,0,4,Lpcat2
0,2.8083439988127354,0.42,0.094,0,4,Cd74
0,4.107773691160835,0.367,0.043,0,4,Itgax
0,3.624533977791666,0.325,0.037,0,4,Ccl3
0,1.8713139877430551,0.5,0.224,0,4,Ptgs1
0,2.3286809804139033,0.957,0.688,0,4,Grn
0,2.069162259637336,0.952,0.685,0,4,Hexa
0,2.2593134056334656,0.523,0.257,0,4,Gpnmb
0,2.2497585759312235,0.336,0.086,0,4,Hk2
0,1.6727389282625942,0.512,0.262,0,4,Myo1e
0,2.373815604562624,0.3,0.068,0,4,Plcg2
0,2.018722228170873,0.326,0.095,0,4,Fxyd5
0,3.6883155999711854,0.309,0.08,0,4,Spp1
0,3.263125816933192,0.259,0.031,0,4,Selplg
0,2.061324854629283,0.283,0.076,0,4,Elmo1
0,3.1383431935520254,0.235,0.031,0,4,Siglech
0,3.0245731837348115,0.222,0.034,0,4,Pdcd1
0,2.836742062575832,0.195,0.031,0,4,Ltc4s
0,1.3785256557881433,0.95,0.796,0,4,Gns
0,1.3057156384871966,0.946,0.794,0,4,Ctsl
0,1.6408636657638576,0.978,0.831,0,4,Ctsb
0,3.785321224577147,0.156,0.012,0,4,Clec7a
0,3.649692318724847,0.154,0.012,0,4,Ch25h
0,0.7971138669117726,0.943,0.83,0,4,Uba52
0,1.5149697434119072,0.986,0.88,0,4,Ftl1
0,2.269792886200845,1,0.942,0,4,Ctsd
0,0.6326987840792508,0.997,0.97,0,4,Gfap
0,1.419041956675879,1,0.99,0,4,Tmsb4x
1.006293e-318,1.5890094843684697,0.447,0.207,3.964795e-316,4,Pla2g15
3.460488755368438e-283,1.2987453823061974,0.448,0.209,1.3634325696151647e-280,4,St3gal6
1.0375677033952882e-271,0.8541409730390809,0.78,0.593,4.0880167513774355e-269,4,Gpx1
1.0280536134693985e-266,1.7663083635604933,0.265,0.09,4.0505312370694305e-264,4,B4galt1
3.313586484677551e-262,0.8275203064815473,0.837,0.698,1.305553074962955e-259,4,Sgpl1
2.612974631271266e-258,2.2920673736340667,0.152,0.034,1.0295120047208789e-255,4,Lgals3
6.158073191705927e-255,0.3488211732596884,1,0.999,2.4262808375321356e-252,4,Cst3
1.2683157885419978e-239,1.2054214832017585,0.533,0.319,4.997164206855471e-237,4,Cerk
3.676831765301742e-228,1.2863694069893141,0.454,0.241,1.4486717155288862e-225,4,Abcg1
4.834188240035762e-201,0.5419867243140015,0.944,0.881,1.90467016657409e-198,4,Ppt1
5.6080952359904676e-201,1.2737543964207758,0.369,0.179,2.2095895229802442e-198,4,Maf
1.267033673093141e-196,1.3744835157493487,0.334,0.155,4.992112671986976e-194,4,Tlr4
1.7877142410277676e-193,1.309384859618735,0.406,0.22,7.043594109649404e-191,4,Lipa
1.56705866308998e-187,0.8536639928157596,0.679,0.521,6.174211132574521e-185,4,Cndp2
1.607922606096214e-187,0.7190372516091109,0.802,0.681,6.335215068019082e-185,4,Hif1a
3.792842793688279e-173,1.000095032859294,0.61,0.458,1.494380060713182e-170,4,Axl
1.349926991821199e-170,1.1256153239618398,0.452,0.269,5.318712347775524e-168,4,Dgkd
1.1241167229168508e-156,0.789403426373559,0.699,0.573,4.4290198882923926e-154,4,Arsb
3.982031165682719e-139,2.4368353584839912,0.065,0.012,1.5689202792789913e-136,4,Msr1
2.4806852107752382e-98,0.5475237180411093,0.612,0.471,9.773899730454438e-96,4,Bin1
2.297453980707214e-97,0.4257627707909418,0.857,0.758,9.051968683986424e-95,4,Lgals3bp
3.174994088086708e-95,0.6825059150456885,0.588,0.468,1.2509476707061629e-92,4,Pgd
1.6297442283585857e-94,1.1499796805734164,0.17,0.075,6.421192259732828e-92,4,Pla2g4a
1.2837192996327306e-86,0.23536684490456006,0.998,0.996,5.057854040552959e-84,4,Cd63
5.9043794333876806e-80,0.2531093714374717,0.998,0.996,2.326325496754746e-77,4,Pkm
3.795571689666222e-79,4.379825879408628,0.015,0.001,1.4954552457284914e-76,4,Hk3
1.4370868568871939e-77,0.4189860425651767,0.859,0.803,5.662122216135544e-75,4,Bhlhe41
4.041014773970172e-77,3.6142911330456515,0.017,0.001,1.5921598209442478e-74,4,Il1a
1.9300581375179993e-69,3.6361656326684137,0.017,0.002,7.604429061820917e-67,4,Nkg7
5.1575459077336875e-65,0.8882213307651372,0.279,0.176,2.0320730876470727e-62,4,Mapkapk2
5.872296143808254e-64,0.439514275768451,0.703,0.622,2.313684680660452e-61,4,Akt1
3.090511381821274e-58,3.2515017824330883,0.015,0.001,1.217661484437582e-55,4,Itk
2.973494657934812e-57,1.5067141663668653,0.097,0.042,1.171556895226316e-54,4,H2-Eb1
2.361589321071531e-56,4.22112813338957,0.01,0.001,9.304661925021833e-54,4,Nlrp3
1.758771600326263e-54,0.6026471934699518,0.45,0.349,6.929560105285477e-52,4,Klf6
2.6656307943605037e-53,0.6132957561686518,0.524,0.443,1.0502585329780385e-50,4,Numb
1.195327406673826e-52,1.5676656098501365,0.086,0.036,4.7095899822948745e-50,4,Ms4a4b
2.7390156731352805e-50,0.2485320757493037,0.947,0.909,1.0791721752153005e-47,4,Oxct1
3.7091777115879107e-48,2.1938297448904263,0.046,0.014,1.4614160183656368e-45,4,Ccl5
1.897160469803081e-47,0.26558600152086553,0.973,0.962,7.474812251024139e-45,4,Cox4i1
1.1605940936643993e-44,0.9393370998587804,0.098,0.046,4.5727407290377334e-42,4,Tgfbi
1.5548374548559886e-44,3.390881067917624,0.013,0.001,6.126059572132595e-42,4,Il1b
1.8897860756714292e-41,0.5744880077192784,0.467,0.389,7.445757138145432e-39,4,Acer3
5.269495772872821e-40,0.3191563343812137,0.77,0.73,2.0761813345118914e-37,4,Asah1
2.377017812550891e-37,0.8064264347565984,0.183,0.115,9.365450181450511e-35,4,Ppcdc
4.971892458392341e-37,3.224547653930716,0.01,0.001,1.958925628606582e-34,4,Cd3d
1.7339047516602159e-34,0.47659230740819813,0.491,0.418,6.831584721541251e-32,4,Cstb
3.2594735338544245e-28,0.22888513900693153,0.758,0.697,1.2842325723386432e-25,4,Pfkfb3
2.0635858238398784e-23,0.6787639970772466,0.096,0.056,8.130528145929121e-21,4,Clec2d
1.7514197021957323e-18,0.5126073892418421,0.265,0.211,6.900593626651185e-16,4,Plin2
1.8675823910950492e-16,0.4666013500780588,0.201,0.153,7.358274620914493e-14,4,Abca7
1.881052680636612e-14,0.24143923130996822,0.509,0.46,7.411347561708251e-12,4,Acsl4
1.4534162482241674e-12,0.325417971422155,0.146,0.109,5.726460018003219e-10,4,Icam1
2.147803488688655e-12,0.43248691066196,0.201,0.16,8.462345745433301e-10,4,Ppard
1.533777488685179e-11,0.3321190260093385,0.322,0.281,6.0430833054196055e-9,4,Prps2
2.8210417463626113e-11,0.18336606457691396,0.671,0.644,1.1114904480668688e-8,4,Adam10
6.62581364783446e-11,0.4039791390513596,0.215,0.176,2.610570577246777e-8,4,Hmox1
9.613533484755792e-11,0.6559271884435462,0.01,0.003,3.787732192993782e-8,4,Ccl12
8.653510489638951e-9,0.2623157926389214,0.629,0.616,3.4094831329177466e-6,4,Csf1
5.8534274890196616e-8,0.1957661595019775,0.604,0.589,2.3062504306737467e-5,4,Comt
8.166048382304395e-8,0.6000730289135188,0.048,0.032,3.217423062627932e-5,4,Camp
3.785304971292138e-6,0.23520655208125607,0.201,0.174,0.0014914101586891025,4,Ifit2
3.887820825431817e-6,0.3656870285654703,0.191,0.165,0.001531801405220136,4,Sptlc2
1.523242675732107e-4,0.1201403286565752,0.497,0.478,0.060015761423845015,4,Lpgat1
2.524033479161407e-4,0.14466833156696013,0.457,0.439,0.09944691907895944,4,Pfkl
4.38585371802322e-4,0.24425238275709216,0.021,0.014,0.17280263649011487,4,Wif1
0.001620577640755832,0.6098647148083298,0.017,0.011,0.6385075904577978,4,Cr2
0.002426612103533799,0.22734704151049856,0.22,0.203,0.9560851687923169,4,St6galnac4
0.00301690534896602,0.40920968618972164,0.031,0.023,1,4,Mif
0.00898349610256755,0.1425581092010716,0.506,0.509,1,4,Odc1
0.009592771891947096,0.17400084183489462,0.127,0.114,1,4,Pgls
0,1.6787799210870546,0.828,0.488,0,5,Got1
0,2.069951177872673,0.47,0.17,0,5,Dgat2
0,2.5321258657132915,0.391,0.112,0,5,Egr1
0,1.1739390354676749,0.727,0.459,0,5,Lpgat1
0,1.315103686317566,0.689,0.445,0,5,Acsl4
0,1.460822964547047,0.91,0.685,0,5,Gls
0,1.3578268344217976,0.924,0.7,0,5,Got2
0,1.9074477430907497,0.992,0.79,0,5,App
0,1.0335739390067513,0.886,0.715,0,5,Mdh2
0,0.960647711489858,0.914,0.774,0,5,Tmx4
0,0.7531042816418825,0.981,0.913,0,5,Hk1
0,0.8694877206648683,0.992,0.943,0,5,Pgam1
0,1.0214271130549366,0.993,0.956,0,5,Mdh1
0,0.804991164162153,1,0.99,0,5,Tmsb4x
0,0.8697287584910791,1,0.996,0,5,Pkm
0,0.4475682059454402,1,1,0,5,Gapdh
1e-323,0.5716981605732072,0.992,0.972,3.893e-321,5,Uqcrc1
2.8082467287404e-310,0.7806299863624793,0.902,0.768,1.106449211123716e-307,5,Pdha1
1.0533870685515933e-307,0.7647841929967669,0.951,0.848,4.1503450500932774e-305,5,Ids
5.818285318860383e-305,0.7824956741310503,0.924,0.825,2.2924044156309908e-302,5,Ldha
9.85139413994651e-290,1.0564248808567802,0.866,0.76,3.881449291138925e-287,5,Chst1
1.2764937507324428e-280,0.4854065753528438,0.997,0.986,5.0293853778858244e-278,5,Sdha
5.3595861811758895e-260,0.9970183524953342,0.693,0.466,2.1116769553833004e-257,5,Bin1
1.1573789602773899e-240,0.8939664303377126,0.765,0.584,4.560073103492916e-238,5,Etnk1
1.0951576448695263e-236,1.093203913335605,0.641,0.424,4.314921120785934e-234,5,Pfkl
1.2299396529727136e-222,0.558833233303633,0.961,0.908,4.8459622327124914e-220,5,Oxct1
4.758067683920033e-216,0.5081186808645213,0.989,0.961,1.8746786674644928e-213,5,Cox4i1
2.0058664621074594e-202,2.5689238400060193,0.155,0.041,7.90311386070339e-200,5,Cxcl12
3.062419557281438e-193,0.749778862185864,0.783,0.635,1.2065933055688866e-190,5,Adam10
2.309284125797721e-191,0.5527455098364409,0.934,0.832,9.09857945564302e-189,5,Uba52
1.258363662037926e-190,0.6667417165767964,0.843,0.725,4.957952828429429e-188,5,Ndufs1
7.547652355370938e-188,0.7039519989386633,0.893,0.789,2.973775028016149e-185,5,Fdft1
2.997786919207404e-183,0.5857251093348612,0.894,0.787,1.181128046167717e-180,5,Ogdh
4.7768769383597393e-178,0.6398612807098304,0.838,0.719,1.8820895137137374e-175,5,Tecr
4.104943588239334e-174,2.3121665798583857,0.175,0.056,1.6173477737662977e-171,5,Klf4
8.258677809501182e-170,0.7919994828547153,0.718,0.555,3.253919056943466e-167,5,Auh
1.1829322872443409e-164,0.6623030090011164,0.809,0.689,4.660753211742703e-162,5,B3gat3
1.7727602598981542e-163,0.7744572917760795,0.697,0.532,6.984675423998727e-161,5,Pdhb
5.00716819945702e-163,0.6389146197147146,0.8,0.676,1.9728242705860657e-160,5,Dld
4.840068875060919e-161,1.7229189501036544,0.542,0.385,1.906987136774002e-158,5,Sgms1
7.627079018351208e-156,2.1948973181299145,0.16,0.052,3.005069133230376e-153,5,Clec2d
4.4887876298513965e-155,0.6826375163376106,0.784,0.671,1.7685823261614502e-152,5,Man2a2
5.3641977193744e-151,0.63047909781856315,0.831,0.713,2.1134939014335136e-148,5,Extl3
3.427028427273225e-146,0.6133824505954274,0.776,0.64,1.3502492003456507e-143,5,Ptges3
8.601592016740062e-145,1.9256982327763126,0.263,0.122,3.389027254595585e-142,5,Ocln
9.182576878136999e-144,0.6224208816234602,0.774,0.635,3.617935289985978e-141,5,Ndufv2
1.0470310543091166e-131,0.7605232694714168,0.674,0.533,4.1253023539779194e-129,5,Pfkp
4.494909977361197e-128,0.8265513580104145,0.631,0.493,1.7709945310803117e-125,5,Hmgcr
8.003467210862931e-128,0.6058305666692838,0.774,0.652,3.1533660810799945e-125,5,Dlat
6.679804123603515e-126,1.5008582736482319,0.236,0.106,2.631842824699785e-123,5,Fxyd5
4.4762035629743556e-122,0.7273973509535443,0.635,0.49,1.7636242038118961e-119,5,Adss
6.703767923136471e-115,1.3529819131142327,0.236,0.11,2.6412845617157696e-112,5,St6galnac3
1.4501558103865534e-114,0.46910171717818394,0.86,0.781,5.71361389292302e-112,5,Sdhb
2.544591120212881e-112,0.7003824986023175,0.635,0.488,1.002568901363875e-109,5,Hmgcs1
3.089337987271893e-112,0.767467254379179,0.584,0.428,1.2171991669851258e-109,5,Jund
1.2966779259675383e-101,0.6714846378788045,0.603,0.451,5.108911028312101e-99,5,Abhd17a
3.099603917105468e-100,0.8722518279682152,0.436,0.285,1.2212439433395542e-97,5,Gpat4
3.9002050705377167e-97,0.19487710288246163,1,1,1.5366807977918602e-94,5,Psap
2.416285751060743e-96,0.5488093950486075,0.737,0.62,9.520165859179327e-94,5,Akt1
2.2842672553520166e-95,0.436504333821486,0.885,0.823,9.000012986086946e-93,5,Srebf2
4.1091508820495973e-94,0.4810358378211167,0.811,0.726,1.6190054475275414e-91,5,Acat1
4.876047091737812e-89,0.45480380324149794,0.846,0.77,1.9211625541446978e-86,5,Acly
1.2245964826051075e-84,0.7562593470214927,0.468,0.328,4.8249101414641237e-82,5,Hs2st1
1.759954907184134e-82,0.43994768069257295,0.805,0.72,6.934222334305488e-80,5,Dlst
7.294253588337971e-82,0.7987242804327043,0.413,0.274,2.8739359138051605e-79,5,Dgkd
1.0313129552104971e-78,0.25524147871064917,0.992,0.977,4.063373043529359e-76,5,Cs
7.067662086853649e-73,0.5513704397951303,0.671,0.584,2.7846588622203377e-70,5,Comt
5.5839968856117146e-67,0.9418978559445035,0.227,0.125,2.2000947729310155e-64,5,Acsl1
8.348619257981019e-67,0.7615133271693233,0.466,0.349,3.2893559876445214e-64,5,Klf6
1.8983634807524597e-66,0.5264345168191573,0.656,0.571,7.479552114164692e-64,5,Dpm1
1.9537810847314254e-62,0.6973332913141733,0.384,0.263,7.697897473841817e-60,5,Bace1
1.873583363203994e-60,0.6174174517452629,0.547,0.442,7.381918451023736e-58,5,Numb
3.9255815753540716e-60,0.6120902438115942,0.522,0.415,1.546679140689504e-57,5,Rxrb
7.684711836262314e-60,0.2783840580198127,0.945,0.913,3.0277764634873515e-57,5,Pfkm
4.6517794282640123e-57,0.9128231902796233,0.247,0.149,1.832801094736021e-54,5,Abca7
1.8953132278439852e-53,0.5972990768233322,0.442,0.329,7.467534117705302e-51,5,Pank3
1.4474468810288668e-52,0.6162058666927316,0.516,0.42,5.702940711253735e-50,5,Ctps2
9.057845580114256e-52,0.3167242434061305,0.867,0.83,3.568791158565017e-49,5,Rpn1
2.7630082196467318e-46,0.6355720699999832,0.386,0.283,1.0886252385408123e-43,5,Pomgnt1
3.022591812033611e-46,0.6508147616204161,0.436,0.339,1.1909011739412427e-43,5,Plcb4
8.717137055366718e-46,0.34456777723683873,0.893,0.865,3.434551999814487e-43,5,Sorl1
3.2220283369830054e-44,0.36404220578474183,0.689,0.602,1.2694791647713041e-41,5,Gpx1
8.44991572899518e-38,0.1604784591054571,1,0.999,3.3292667972241007e-35,5,Cpe
1.2542139156694737e-34,0.5789958893469105,0.347,0.26,4.941602827737727e-32,5,Cox14
3.2311044855084333e-34,0.11442021324001761,1,1,1.2730551672903227e-31,5,Ubc
2.1597022376605816e-31,0.3933077244719272,0.563,0.494,8.509226816382691e-29,5,Gmps
5.474738602125417e-31,0.45863794656452317,0.341,0.253,2.1570470092374144e-28,5,Abcg1
7.1989534072271285e-31,0.5846267981997326,0.309,0.231,2.836387642447489e-28,5,Cbr1
6.43558151149314e-30,0.5346026955877905,0.375,0.296,2.535619115528297e-27,5,Neu1
3.20751989585775e-29,1.0560111847920517,0.076,0.037,1.2637628389679535e-26,5,Junb
4.908545059083834e-29,0.9221185762513406,0.153,0.096,1.9339667532790305e-26,5,Hspg2
1.267258756834031e-28,1.0899827761263627,0.069,0.033,4.9929995019260826e-26,5,Vldlr
1.1257951368056471e-26,0.6466347471709208,0.172,0.112,4.435632839014249e-24,5,Hilpda
1.3844253990856797e-26,0.5253487552914593,0.311,0.236,5.454636072397578e-24,5,Nt5c
1.156372316105315e-25,0.4582748303456162,0.362,0.287,4.556106925454941e-23,5,Gsr
1.404081949589507e-25,0.21915170890404734,0.757,0.684,5.532082881382658e-23,5,Tubb2b
1.2045333549374066e-22,0.3326728585074852,0.515,0.452,4.745861418453382e-20,5,Sc5d
1.2519676802467424e-21,0.3091218264640816,0.585,0.53,4.932752660172165e-19,5,Cndp2
1.4706505788555849e-21,0.6039029399363485,0.172,0.118,5.794363280691004e-19,5,Polr1a
2.3069065713738025e-21,0.3095381112229917,0.746,0.72,9.089211891212782e-19,5,Bhlhe40
3.7786880653117344e-21,0.37420757787041736,0.453,0.388,1.4888030977328234e-18,5,Gclc
1.4320730767558547e-20,0.19045424386260457,0.836,0.797,5.642367922418068e-18,5,Smpd1
2.0778176644430044e-20,0.11851708524943572,0.999,0.999,8.186601597905437e-18,5,Ldhb
2.510165342110221e-20,0.9577256714525331,0.064,0.034,9.890051447914272e-18,5,Pparg
2.73287884550343e-20,0.4467692386253006,0.367,0.302,1.0767542651283514e-17,5,St3gal2
1.0763552866830589e-19,0.3926899801718894,0.365,0.297,4.2408398295312524e-17,5,Impdh2
1.1865512170552151e-19,0.8432000056591523,0.274,0.226,4.6750117951975476e-17,5,St3gal6
3.0595788405168206e-18,0.2954589077695393,0.588,0.541,1.2054740631636274e-15,5,Gaa
4.751080627570526e-17,0.299851057937461,0.552,0.502,1.871925767262787e-14,5,Sdhc
5.1851126107916e-17,0.7252374581684959,0.11,0.072,2.0429343686518906e-14,5,Hkdc1
2.7817247945718105e-16,0.8866400234890284,0.055,0.03,1.0959995690612934e-13,5,H2az1
5.874418490124689e-14,0.5046960062683223,0.154,0.112,2.3145208851091275e-11,5,Ppat
1.7266768289112539e-13,0.3320345162363324,0.38,0.331,6.80310670591034e-11,5,Ext2
5.898300649278274e-12,0.39426790248699395,0.247,0.201,2.3239304558156397e-9,5,St6galnac4
2.688891453359884e-11,0.3656274655665426,0.398,0.354,1.0594232326237942e-8,5,Adcy5
8.887583111752519e-11,0.42514129007515167,0.205,0.164,3.5017077460304924e-8,5,Sptlc2
1.2328498206196677e-10,0.20320502824322142,0.555,0.517,4.8574282932414907e-8,5,Ogdhl
1.442744798380861e-10,0.21398959729665168,0.523,0.484,5.684414505620592e-8,5,Rhob
2.7420221583114605e-10,0.22378750015644036,0.533,0.502,1.0803567303747154e-7,5,Acss2
7.624572188362531e-10,0.2619369126338805,0.38,0.334,3.0040814422148373e-7,5,Cerk
1.4865958661306977e-9,0.5018661789481367,0.215,0.18,5.857187712554949e-7,5,Nfkbia
1.893942173316616e-9,0.11359262013764226,0.819,0.793,7.462132162867467e-7,5,Gclm
1.9756728073506236e-9,0.45657620833402124,0.171,0.135,7.784150860961457e-7,5,Jun
1.3097112260813816e-8,0.8584968095092382,0.678,0.721,5.160262230760644e-6,5,Slc2a1
1.6836572289281878e-8,0.32400963074248845,0.224,0.187,6.63360948197706e-6,5,Pla2g12a
8.438918846354338e-8,0.24104937315898825,0.603,0.582,3.324934025463609e-5,5,Arsb
1.1767400034009005e-7,0.16372809465158317,0.586,0.557,4.636355613399548e-5,5,Pmm1
1.3850816903988275e-7,0.18942506942137116,0.635,0.625,5.45722186017138e-5,5,Chka
8.627999041928357e-7,0.23611816976575029,0.371,0.336,3.3994316225197726e-4,5,Ptdss1
3.976821020332668e-6,0.22571891679463651,0.316,0.282,0.0015668674820110712,5,Prps2
6.682303015067789e-6,0.14173412763258214,0.526,0.5,0.0026328273879367087,5,Taldo1
7.3391741820517644e-06,0.3207297085353886,0.24,0.212,0.002891634627728395,5,Pgm2
2.0475019570338452e-5,0.15762756872746764,0.653,0.635,0.00806715771071335,5,Fut8
1.626118558596987e-4,0.15567042741088177,0.515,0.497,0.0640690712087213,5,Fut9
1.932598316463929e-4,0.2755680828839564,0.184,0.162,0.07614437366867881,5,Ppard
2.1408716966142647e-4,0.13853943751133468,0.526,0.507,0.08435034484660203,5,Odc1
2.2757881732584625e-4,0.18115168874362197,0.427,0.408,0.08966605402638342,5,Lta4h
5.002574812505648e-4,0.111634341869326,0.565,0.55,0.19710144761272255,5,Bpgm
8.142539876241569e-4,0.1821025033735313,0.287,0.264,0.3208160711239178,5,Sphk2
0.0037357060809424534,0.15076487651059997,0.529,0.526,1,5,Nr1h2
0.0043165818871387434,0.10142992778236208,0.572,0.562,1,5,Slc33a1
0.004706576270602102,0.39882673327362816,0.034,0.026,1,5,Tdo2
0.006937677586745887,0.15925806081491323,0.289,0.27,1,5,Pycr2
0,8.03825492201876,0.99,0.044,0,6,Cxcl10
0,4.072446346558927,0.75,0.117,0,6,Ifit1
0,7.138149674956522,0.111,0.002,0,6,Ccl2
0,6.930769824475097,0.092,0.002,0,6,Ccl12
1.14593049084e-313,3.6496436684725557,0.56,0.167,4.514966133918e-311,6,Ifit2
2.598591152653493e-203,3.9075801971032083,0.135,0.014,1.0238449141454763e-200,6,Ccl5
4.2308046549017244e-197,2.1558562805870167,0.701,0.355,1.6669370340312795e-194,6,Ifitm3
3.756957407240679e-179,1.2723750100788715,0.912,0.763,1.4802412184528274e-176,6,Lgals3bp
5.5604871985892814e-121,2.316463362171797,0.224,0.056,2.190831956244177e-118,6,Clec2d
9.95650748175747e-120,5.311859991830604,0.027,0.001,3.922863947812443e-117,6,Tnf
7.907947616156852e-98,6.608841729587736,0.016,0,3.1157313607657995e-95,6,Acod1
6.44911385372803e-90,4.617109345571335,0.027,0.001,2.540950858368844e-87,6,Cd3d
6.66262056500789e-83,4.452722527670454,0.032,0.002,2.625072502613109e-80,6,Itk
7.74438622079335e-73,5.167470082495429,0.02,0.001,3.05128817099258e-70,6,Plac8
2.0130096093143278e-68,3.9723489282264977,0.031,0.002,7.931257860698452e-66,6,Nkg7
7.297526088268991e-68,1.2274184365314489,0.501,0.276,2.8752252787779823e-65,6,Serping1
2.2721907050320525e-67,1.745477127242826,0.365,0.174,8.952431377826286e-65,6,Bcl2a1b
7.49305779855651e-64,0.9786523988072847,0.435,0.224,2.952264772631265e-61,6,Cst7
1.7898307325059927e-54,1.9173918416227835,0.252,0.108,7.051933086073612e-52,6,Icam1
1.182045931111427e-50,1.611378753417985,0.232,0.097,4.657260968579022e-48,6,Spp1
4.90763095971891e-50,1.4010328996721124,0.345,0.179,1.9336065981292506e-47,6,Nfkbia
3.290104333724115e-42,0.5089993187420538,1,0.991,1.2963011074873013e-39,6,Tmsb4x
6.672344838675953e-42,1.296263934930141,0.299,0.152,2.6289038664383254e-39,6,Ly86
1.2802018680831797e-35,1.005704902875341,0.442,0.283,5.043995360247728e-33,6,C1qc
1.1158376925052827e-34,1.3090868527091921,0.188,0.083,4.3964005084708135e-32,6,C3
8.453353952513594e-34,0.7927480525808843,0.81,0.709,3.330621457290356e-31,6,Grn
2.258815960455854e-33,1.159415110722859,0.238,0.119,8.899734884196064e-31,6,Cd74
4.408914474655488e-33,2.5265880664032627,0.08,0.023,1.7371123030142622e-30,6,Ch25h
1.2341868944941475e-31,0.6270186267018322,0.713,0.595,4.862696364306941e-29,6,Etnk1
5.7972508967884745e-30,1.2537912044955033,0.233,0.121,2.2841168533346588e-27,6,C1qb
8.637002143438567e-30,0.4273166246421696,0.9,0.843,3.402978844514795e-27,6,Ctsb
1.938744644992672e-29,0.6484757112264818,0.71,0.615,7.638653901271128e-27,6,Csf1
4.659346487590118e-29,1.2452468433761843,0.182,0.086,1.8357825161105065e-26,6,Plcg2
1.2384829334216595e-28,0.8783905418386201,0.433,0.291,4.8796227576813385e-26,6,C1qa
2.45415812913654e-28,0.9398149640781048,0.251,0.135,9.669383028797968e-26,6,Jun
4.198005605988414e-28,1.5133278075407215,0.187,0.092,1.6540142087594352e-25,6,Lpcat2
5.341292738459911e-28,0.9382816667557947,0.332,0.201,2.1044693389532047e-25,6,Cd44
6.05180551740962e-27,0.5150025019857498,0.811,0.723,2.3844113738593902e-24,6,Vim
3.364025791706213e-26,1.4463341997079064,0.11,0.043,1.325426161932248e-23,6,Lgals3
1.6191845754329877e-25,0.825361340918785,0.342,0.217,6.379587227205971e-23,6,Cd68
5.847356733184899e-25,1.013590264770471,0.373,0.245,2.30385855287485e-22,6,Cx3cr1
2.5486057643855634e-24,0.48235005803738745,0.44,0.299,1.004150671167912e-21,6,Lyz2
3.146030975888185e-24,1.0029552898586034,0.289,0.177,1.239536204499945e-21,6,Hmox1
7.689627722969912e-24,1.386170822575123,0.099,0.039,3.029713322850145e-21,6,Junb
7.969382913174507e-24,3.6003801508395394,0.018,0.002,3.1399368677907557e-21,6,Il1a
8.480211704739877e-24,0.7034052482158053,0.383,0.249,3.3412034116675115e-21,6,Ifitm2
4.018600721202969e-23,0.7545407863488134,0.353,0.227,1.5833286841539697e-20,6,St3gal6
8.50843696396825e-23,4.062353376681216,0.016,0.002,3.3523241638034904e-20,6,Il1b
7.050840118657791e-21,1.9646249111294962,0.129,0.061,2.7780310067511695e-18,6,Ccl3
1.508966940744296e-20,0.836649979155367,0.194,0.106,5.945329746532526e-18,6,Cd14
2.9009708392862625e-20,0.7418362649924606,0.27,0.165,1.1429825106787875e-17,6,Sptlc2
8.201956242496788e-20,0.42141186152069254,0.713,0.607,3.2315707595437344e-17,6,Gpx1
3.138890001245422e-19,2.231591754897917,0.092,0.039,1.2367226604906962e-16,6,Ms4a4b
4.0070185776783312e-19,0.8653293570108045,0.415,0.301,1.5787653196052625e-16,6,Hexb
1.2867283010134936e-18,1.1071758907061338,0.187,0.106,5.069709505993165e-16,6,Hk2
2.032801714788957e-18,0.9277716769365867,0.25,0.156,8.009238756268491e-16,6,Lpl
2.6667159578843916e-18,0.6592857339455738,0.37,0.257,1.0506860874064502e-15,6,Abcg1
1.852675194934324e-17,0.9440872080319316,0.195,0.114,7.299540268041237e-15,6,Fxyd5
1.2418913044064948e-16,0.6534016092773747,0.422,0.316,4.8930517393615895e-14,6,Pnp
1.8072214619797392e-16,0.5886977625167145,0.383,0.277,7.120452560200172e-14,6,Gpnmb
2.2751005108150177e-15,0.5114398643061284,0.465,0.355,8.96389601261117e-13,6,Klf6
3.935679780249261e-15,0.4710888849971406,0.603,0.507,1.550657833418209e-12,6,Odc1
7.200621158900461e-15,1.2851834385614906,0.101,0.049,2.8370447366067816e-12,6,Pdcd1
1.630034911954714e-14,0.8244674629238862,0.175,0.103,6.4223375531015736e-12,6,B4galt1
6.911537834386025e-14,0.6758194423052702,0.741,0.701,2.723145906748094e-11,6,Gls
2.7787876241132377e-13,0.810475590757386,0.158,0.093,1.0948423239006156e-10,6,Elmo1
4.116790466642399e-13,0.6057651017000574,0.302,0.214,1.6220154438571053e-10,6,Plin2
6.498506221969512e-13,0.3746869819823765,0.626,0.532,2.560411451455988e-10,6,Cndp2
1.0589098381401123e-12,0.86179282664352,0.232,0.155,4.172104762272042e-10,6,Abca7
2.933696493520524e-12,1.035283992138829,0.097,0.05,1.1558764184470866e-9,6,Selplg
6.665173969170301e-12,0.8272856489650309,0.14,0.082,2.6260785438530985e-9,6,Pla2g4a
1.2905158235451512e-11,0.5823272110744209,0.246,0.169,5.084632344767896e-9,6,Tlr4
3.648022414760548e-11,0.3072782444811186,0.94,0.947,1.437320831415656e-8,6,Ctsd
4.69703756644387e-11,0.36466255899476263,0.74,0.701,1.8506328011788848e-8,6,Pfkfb3
5.203042869415506e-11,0.7028231165025224,0.329,0.251,2.0499988905497095e-8,6,Fas
1.3872399039908546e-10,0.22797558983241273,0.851,0.808,5.465725221723967e-8,6,Gns
3.41263170229751e-10,0.5327125931613657,0.361,0.282,1.3445768907052188e-7,6,Myo1e
4.6127169332685563e-10,0.333855725917806,0.764,0.707,1.817410471707811e-7,6,Hexa
4.925489454254014e-10,0.3861219301361129,0.509,0.423,1.9406428449760815e-7,6,Cstb
1.5502451909732493e-9,0.8008428909647047,0.162,0.106,6.107966052434603e-7,6,Gpr34
1.6411836499323348e-9,0.27482665983691046,0.956,0.946,6.466263580733399e-7,6,Pgam1
7.2179703325190955e-9,0.9145038755489172,0.086,0.048,2.8438803110125236e-6,6,Siglech
9.804980330054178e-9,0.32405562665061793,0.573,0.499,3.863162250041346e-6,6,Adss
1.4785317049556438e-8,0.11375694940977787,0.995,0.972,5.825414917525237e-6,6,Gfap
3.560737071625572e-8,0.29799929163615896,0.543,0.462,1.4029304062204753e-5,6,Acsl4
4.848388031791761e-8,0.6453676056128494,0.129,0.083,1.910264884525954e-5,6,Fos
6.5693494436714e-8,0.2089298516159619,0.902,0.889,2.5883236808065317e-5,6,Ftl1
6.824003282429124e-8,0.6007464255525181,0.187,0.132,2.6886572932770748e-5,6,Ocln
1.1809289243579397e-7,0.34442724229862953,0.401,0.328,4.652859961970282e-5,6,Gusb
1.3280514844813007e-7,0.3341753822998373,0.547,0.477,5.2325228488563246e-5,6,Pgd
1.529782409981243e-7,0.5072777430849897,0.831,0.805,6.027342695326098e-5,6,App
1.7139918786574047e-7,0.324915581492345,0.409,0.336,6.753128001910174e-5,6,Cerk
1.7793144071505956e-7,0.4827008918345237,0.257,0.194,7.010498764173347e-5,6,Maf
2.9390748129910383e-7,0.3967402754705651,0.466,0.395,1.1579954763184691e-4,6,Sgms1
3.946498842686645e-7,0.15929238383489674,0.895,0.886,1.554920544018538e-4,6,Ppt1
5.588818378110627e-7,0.4399340923427457,0.244,0.184,2.201994440975587e-4,6,Mapkapk2
1.0409763870250322e-6,0.4641586193490237,0.261,0.203,4.101446964878627e-4,6,St6galnac4
1.0455187620858193e-6,0.21160903110176554,0.753,0.709,4.119343922618128e-4,6,Sgpl1
1.5262005979845526e-6,0.2044014782419925,0.83,0.807,6.013230356059137e-4,6,Ctsl
1.5683810787277252e-6,0.47674228153359405,0.518,0.47,6.179421450187237e-4,6,Axl
2.0951489588508166e-6,0.6365973959851177,0.101,0.065,8.254886897872218e-4,6,Klf4
2.2643904003153396e-6,0.3159662166682513,0.108,0.07,8.921698177242437e-4,6,Itgax
3.303830630489068e-6,0.8127590786219121,0.303,0.253,0.0013017092684126927,6,Tgfbr1
5.0011956543194544e-6,0.21608633016903322,0.854,0.839,0.001970471087801865,6,Uba52
9.976037003154163e-6,0.19974007993813636,0.732,0.69,0.00393055857924274,6,Hif1a
1.9944672911007793e-5,0.2524186345381766,0.757,0.728,0.00785820112693707,6,Mdh2
2.977154880739736e-5,0.3759958553332323,0.735,0.717,0.01172999023011456,6,Got2
3.399394085680886e-5,0.638125664779652,0.548,0.513,0.013393612697582692,6,Got1
4.343902075999768e-5,1.3592995600820554,0.032,0.016,0.017114974179439087,6,Msr1
1.2911656340959152e-4,0.1257245806987488,0.831,0.786,0.050871925983379064,6,Sdhb
1.461420859950351e-4,0.6099908296412284,0.232,0.193,0.05757998188204383,6,Dgat2
1.567286745162606e-4,0.15320882117081425,0.845,0.832,0.061751097759406674,6,Ldha
1.6314226424119196e-4,0.3921522608095014,0.151,0.114,0.06427805211102963,6,Pgls
2.1585937644885114e-4,0.1991129591353662,0.963,0.974,0.08504859432084735,6,Uqcrc1
2.2305908109571262e-4,0.3290821765394403,0.273,0.227,0.08788527795171078,6,Pla2g15
2.453147000291747e-4,0.7776400655757634,0.048,0.029,0.09665399181149484,6,Plpp4
3.086593645849824e-4,0.2099850340346736,0.368,0.313,0.12161178964648307,6,Pnpla2
3.138494904089289e-4,0.49626423848769186,0.07,0.046,0.123656699221118,6,H2-Eb1
3.435978719714457e-4,0.16875600596227314,0.575,0.525,0.1353775615567496,6,Nr1h2
3.4952842330225153e-4,0.35707843608896184,0.202,0.162,0.1377141987810871,6,Ppard
6.762701953174361e-4,0.47069428927237394,0.382,0.346,0.26645045695506986,6,Plcb4
8.130639825940645e-4,0.27619062069223466,0.436,0.395,0.32034720914206144,6,Acer3
8.177624646801831e-4,0.19119452835476308,0.489,0.439,0.32219841108399216,6,Pfkl
8.693798445299888e-4,0.32327868412246796,0.199,0.16,0.34253565874481556,6,Lgals1
8.952478675799717e-4,0.48030835934235316,0.108,0.081,0.35272765982650883,6,Ifitm1
9.182018010900404e-4,0.2818918596186082,0.521,0.483,0.3617715096294759,6,Bin1
0.00118027406940582,0.17319652007520547,0.965,0.993,0.4650279833458931,6,Aqp4
0.0012267812402577487,0.1161377367185677,0.496,0.439,0.483351808661553,6,Jund
0.0013996408810651535,0.30450938704685404,0.323,0.284,0.5514585071396705,6,Dgkd
0.0014289180413556285,0.24067520626004524,0.339,0.296,0.5629937082941177,6,Gpat4
0.0016616383642584047,0.41810532297428304,0.1,0.074,0.6546855155178114,6,Hkdc1
0.002088921420496143,0.15016974399288785,0.721,0.698,0.8230350396754804,6,B3gat3
0.002106873184294314,0.1514739604377479,0.497,0.451,0.8301080346119598,6,Stt3a
0.002272464335069675,0.22112104967633606,0.335,0.291,0.8953509480174521,6,Gsr
0.0030795940920928535,0.26326733665614244,0.258,0.22,1,6,Shmt2
0.004043019203498238,0.308608705799692,0.162,0.132,1,6,Acsl1
0.00405406357903984,0.12776938222928214,0.627,0.583,1,6,Arsb
0.004612655351458335,0.6648550028646572,0.038,0.024,1,6,Clec7a
0.008932452577159652,0.5796607041757884,0.046,0.032,1,6,H2az1
